service_id,request_count,error_count,total_duration_us,min_duration_us,max_duration_us
0,1258,29,819933,115,6424
1,23963,102,7776559,18,7014
2,294,6,69461,36,2191
3,1085,2,3449521,65,42378
4,7150,201,6149277,109,9207
5,687,11,317948,9,6563
6,8924,99,26511151,34,80338
7,1705,30,6841065,88,162002
8,1380,14,736465,80,3723
9,490,4,408410,50,11255
10,676,20,649344,24,11697
11,1218,16,4978482,866,37151
12,1325,11,12291484,215,165618
13,248,13,158275,86,3319
14,2818,76,9550533,407,41421
15,894,11,618160,42,9454
16,4814,141,5419705,108,17378
17,939,18,232994,51,1445
18,2580,88,785118,22,3431
19,6894,191,47643143,1667,64640
20,2080,12,1639573,22,9604
21,802,10,12245288,162,247395
22,988,16,12098377,354,137005
23,1840,31,959725,12,9780
24,3103,14,673918,16,1434
25,2413,58,922867,10,7092
26,186,5,73076,31,2631
27,231,8,464665,419,7271
28,816,11,2094668,102,48226
29,1602,21,2763852,377,13294
30,427,2,219226,100,2124
31,1371,9,16516398,398,139653
32,174,8,93484,131,2831
33,1221,11,8923773,219,223202
34,242,4,355431,162,12525
35,266,3,296199,27,11501
36,329,6,403691,168,5204
37,4346,20,36059297,416,97837
38,2205,27,3379939,243,17125
39,274,6,3660116,1658,89632
40,771,15,13493946,375,780601
41,1587,22,1734639,27,17598
42,1336,26,430765,17,4035
43,2153,17,21809534,2101,67593
44,1686,47,927331,94,4433
45,280,4,754489,355,9085
46,1899,13,1183843,19,17638
47,500,12,386040,146,7343
48,213,1,4646537,577,313220
49,435,9,6607040,407,342272
50,693,14,6005994,496,166819
51,270,3,2467355,2385,58601
52,162,4,131689,80,5409
53,167,5,138122,55,14064
54,800,19,236152,10,3508
55,152,1,347436,257,12397
56,5558,47,43216666,315,125279
57,315,11,3928000,396,174508
58,2549,73,1499411,125,5873
59,3347,87,9101684,408,28123
60,2230,62,11699189,972,68165
61,2367,29,15434895,484,71544
62,2033,13,464618,37,1881
63,303,4,519010,69,17593
64,3269,83,1204632,29,6517
65,381,4,720273,271,13538
66,188,3,52919,14,3840
67,5174,32,18031390,233,46619
68,1577,46,1759755,23,19962
69,549,7,653551,160,7726
70,278,5,3621084,957,123500
71,1300,17,2407306,586,12698
72,689,9,2393796,401,20645
73,310,0,3371525,423,93066
74,159,3,495452,716,14631
75,4398,27,2262917,57,3218
76,372,6,2357271,1717,25243
77,1342,9,5355269,319,25999
78,8216,74,2899897,25,4361
79,6124,165,1644093,30,3201
80,618,19,3253084,30,61969
81,2071,27,4726338,46,34169
82,928,24,663901,48,10193
83,1075,8,666042,158,4209
84,483,3,888022,457,6079
85,3497,70,1082214,23,6139
86,766,14,1351940,43,22814
87,14105,57,73014043,313,70838
88,280,6,2986864,221,107470
89,2829,28,7075096,384,21296
90,788,9,851884,60,22327
91,272,0,117438,33,2510
92,565,4,164575,9,2088
93,853,15,879254,193,5832
94,2102,23,13717764,143,201879
95,408,12,2697938,288,68652
96,110,0,236676,479,7462
97,1720,11,5810132,147,58188
98,285,5,3529818,1476,118689
99,1312,27,9426108,104,170192
100,2338,31,3130545,122,15722
101,101,5,653423,1577,33791
102,4567,115,19593513,263,70229
103,3341,60,22938147,364,138649
104,602,14,669549,29,90070
105,362,5,1001840,370,17894
106,2168,26,1473269,9,12410
107,11876,336,7447915,149,8869
108,887,19,4064651,204,71126
109,1766,20,1191696,30,7643
110,1273,24,2666871,138,39771
111,323,1,203637,135,3603
112,463,4,1263726,98,44338
113,300,4,2221700,53,197085
114,635,6,294575,85,1697
115,1331,13,674288,9,8647
116,5434,52,8551643,120,54853
117,721,16,763607,295,4997
118,1071,22,12870094,2540,92648
119,2687,55,1727418,28,20655
120,405,8,5495530,2257,135899
121,2129,15,21537543,1405,81794
122,1417,5,575126,91,1634
123,758,20,553469,83,5799
124,2038,56,10731264,86,98048
125,1920,23,20320941,690,255004
126,23059,226,136388883,894,65790
127,181,0,381846,460,6875
128,3233,54,35913223,729,236237
129,739,13,414100,158,4314
130,4565,100,77490753,307,479496
131,2392,19,10553352,58,225321
132,1444,15,2163077,339,9409
133,362,5,2710850,1409,40287
134,3692,54,5308645,143,12444
135,4529,91,12836988,34,62316
136,1100,33,537727,59,6108
137,2704,62,1521100,39,6169
138,624,10,362531,7,19612
139,542,2,1284010,156,34673
140,831,16,6283721,742,78434
141,949,9,10249545,114,186271
142,1146,33,13303730,892,264028
143,2536,84,15303073,494,99101
144,1007,19,688457,111,6390
145,204,4,189426,120,8969
146,817,17,477351,24,6427
147,108,3,35632,16,1990
148,2562,58,12127929,123,346481
149,982,32,1997219,123,23481
150,3530,98,7268922,98,27551
151,556,20,248815,33,1965
152,322,9,1500281,103,35137
153,3074,66,3088705,23,19863
154,2155,69,829532,13,11270
155,649,15,5215607,1901,47133
156,513,6,219698,23,2962
157,1886,29,865612,8,11635
158,257,0,155304,118,3424
159,1480,23,2088429,148,16439
160,1516,10,1261614,21,12771
161,605,17,395518,28,5820
162,342,2,1488471,215,40314
163,1425,51,12858012,1551,85236
164,1375,36,5095756,146,44011
165,3425,81,28371781,411,173117
166,1429,39,2347321,64,20770
167,326,3,1448850,1333,21403
168,14341,377,41343067,31,64583
169,62,1,110185,138,17775
170,657,18,7481727,2029,84895
171,12545,325,237175179,92,1763355
172,257,3,69209,37,1648
173,2718,94,9048852,87,62403
174,332,9,140618,12,23580
175,2715,81,1093576,5,11310
176,478,6,267930,15,6459
177,933,14,7451682,2063,56429
178,3514,78,40685308,771,193851
179,310,7,116603,43,3148
180,580,4,8619518,557,268276
181,2191,34,27347158,1102,154416
182,436,8,3166740,826,40116
183,1908,15,602347,12,5839
184,199,0,78108,16,4455
185,641,24,5290417,1826,61171
186,451,7,270656,152,3205
187,2012,15,1541352,152,6884
188,2589,81,13529167,324,64705
189,955,5,2473824,52,62063
190,1045,14,11115541,2899,70737
191,479,5,1014150,104,42221
192,122,5,33131,53,881
193,1125,23,16641588,1020,200400
194,1184,24,6459026,90,131530
195,6329,58,3524905,31,9803
196,557,4,595311,250,9466
197,1641,9,908098,12,8358
198,3836,62,10435828,152,41517
199,323,7,1329624,149,48050
200,1299,28,2933132,397,16564
201,471,9,3299226,874,67026
202,2012,68,23591318,92,441502
203,1735,44,622950,5,16831
204,559,4,2131417,579,17855
205,1166,4,522066,31,3502
206,1805,26,2244756,134,11773
207,6733,37,13759909,315,20413
208,154,4,549497,694,16466
209,852,2,744466,27,18182
210,812,22,3211035,263,49414
211,196,9,452517,794,12399
212,475,0,297828,96,4136
213,1753,31,2188569,38,27866
214,1369,5,5593452,316,24678
215,216,3,1420273,582,45254
216,2275,32,6188692,124,57351
217,568,8,462875,154,6072
218,215,5,2071545,1572,40923
219,537,10,306770,29,5916
220,1328,28,7775225,379,102820
221,2516,54,28682500,690,103554
222,5767,33,15223979,442,36963
223,825,14,518565,200,5280
224,479,1,178392,18,3665
225,1528,37,2610672,91,26429
226,3828,46,28686650,230,389279
227,869,24,237332,51,2132
228,306,5,480556,387,5341
229,774,5,1332230,309,7476
230,441,8,471836,78,10629
231,1295,13,490853,12,7443
232,3369,44,41304367,195,325658
233,1150,23,1484212,17,27770
234,555,6,6070811,1258,171464
235,6937,110,40019543,210,185766
236,1515,9,1492105,104,10102
237,894,25,317724,98,2638
238,230,3,1166199,1573,16018
239,15696,227,7210030,27,5045
240,1497,30,2064610,153,10830
241,772,17,848136,46,23554
242,2734,44,43693495,297,553717
243,508,17,1429356,39,31960
244,1951,60,1441764,21,25154
245,1033,8,9374736,165,141454
246,1948,25,16355969,1309,82062
247,2943,17,4257869,151,19766
248,162,0,155031,39,14407
249,6431,84,33946308,874,76652
250,8012,126,3848121,16,10877
251,50,2,113147,144,10587
252,347,5,225227,161,2735
253,2793,55,1422087,4,16442
254,521,9,756163,61,9936
255,586,2,284243,7,5592
256,1005,16,14415027,983,183856
257,795,10,9416329,1716,73446
258,2379,54,12716132,187,53474
259,1854,57,552199,25,5294
260,719,5,2639707,213,42220
261,2635,28,1744771,151,3541
262,15536,365,31651080,235,28471
263,383,11,3156040,392,90932
264,299,15,4103713,566,288069
265,928,27,10420169,604,93416
266,1513,32,5508196,68,137028
267,658,15,2321387,495,28139
268,622,18,527657,224,5519
269,1553,45,11399135,348,203521
270,171,1,834146,1294,33660
271,2258,41,2692261,43,18664
272,343,1,847760,187,14293
273,1428,25,607557,14,4173
274,559,13,347794,102,4664
275,4704,79,2424744,8,18740
276,4023,95,1643307,8,13075
277,542,9,167475,22,2456
278,10653,273,126538576,238,328555
279,946,22,468126,123,3617
280,264,0,608713,148,19247
281,2374,15,16111168,130,206830
282,691,16,838773,24,19362
283,1298,39,15834716,949,113460
284,433,12,432109,47,8700
285,2336,14,7686323,225,28713
286,450,11,716358,327,6480
287,136,4,652973,438,22546
288,1840,36,419866,54,2217
289,1374,32,7591899,318,112956
290,964,16,1017714,24,29758
291,6317,32,4248716,152,6347
292,772,13,444254,29,5597
293,4726,31,53578034,88,263364
294,510,6,437586,112,6315
295,536,17,398714,66,4942
296,383,8,984809,482,26143
297,906,5,1513151,272,9298
298,5597,79,62053233,1472,117802
299,172,7,1726939,933,79546
300,1574,39,2914490,47,65303
301,2240,16,2876258,54,15260
302,1067,13,2347868,80,25595
303,335,7,468187,43,17963
304,266,2,424142,481,6598
305,526,12,901746,55,19394
306,404,11,271448,33,7942
307,565,15,4203726,445,77096
308,111,1,149412,119,14249
309,2159,11,11146811,209,111016
310,194,2,1378273,252,43577
311,2727,54,1469947,24,11063
312,2070,66,6902040,795,30903
313,580,19,2385816,468,31461
314,1584,13,582588,62,2075
315,1882,44,1433477,134,6012
316,592,14,4182668,272,101357
317,2549,55,1201551,52,6746
318,577,8,393381,39,6697
319,2194,30,956822,13,4670
320,523,9,2183302,576,24114
321,379,13,207352,40,4663
322,1454,11,4562759,156,66371
323,1978,28,5487733,745,21946
324,1484,35,6900925,1373,39076
325,3997,78,59543793,213,723629
326,359,7,2906708,2572,37175
327,1141,7,17260160,222,356820
328,2409,35,34628700,278,271955
329,817,21,12786280,466,165525
330,1107,19,17357126,237,553549
331,489,5,223249,50,3454
332,76,4,515073,657,34858
333,978,9,3161257,565,18850
334,589,14,371526,106,3934
335,3431,72,13374257,921,36928
336,1437,14,518120,46,2817
337,1004,5,3878492,428,19853
338,3079,23,8030558,327,29252
339,1345,24,3092015,180,17831
340,1500,36,1187526,29,8448
341,229,4,819622,956,20807
342,123,0,248020,199,11675
343,469,6,155924,70,2451
344,193,0,1153948,796,24992
345,822,20,1848017,63,115560
346,328,1,1701043,461,30671
347,680,6,12276605,284,176838
348,427,9,3331406,157,123080
349,184,5,1752081,1577,72243
350,1913,12,6266007,271,29717
351,1111,6,4583989,421,21045
352,218,2,868148,179,25594
353,2268,71,2099623,112,10299
354,1644,39,11070771,736,76882
355,493,10,153288,25,3802
356,741,7,534686,24,16524
357,894,10,6891276,317,74965
358,1723,20,1413242,113,6553
359,1371,39,968712,156,6661
360,1483,35,3675897,51,138281
361,4569,39,3869798,74,8530
362,352,7,771855,79,22160
363,7816,213,84674840,309,203489
364,1087,23,612192,93,3119
365,429,8,1812580,314,67867
366,68,1,325773,514,29233
367,2859,74,29400067,2966,81850
368,301,10,232270,31,7265
369,2281,25,4473626,195,17407
370,1017,10,488605,4,4587
371,618,2,1319994,293,10300
372,1307,12,550574,58,5036
373,3608,39,14301051,121,47524
374,1643,9,937732,9,7817
375,2263,44,23620488,402,123713
376,3851,36,6398783,29,39489
377,1030,22,3563395,161,78060
378,873,3,215645,24,2558
379,1075,19,11812376,2699,75063
380,5625,41,47080515,1684,81479
381,365,5,898351,104,35950
382,705,22,917938,59,9566
383,186,5,1984750,304,190923
384,1659,13,1870191,63,9389
385,942,21,6156173,329,72960
386,154,4,37585,73,1219
387,4064,111,1008454,52,2943
388,5877,65,2190261,4,14397
389,5425,46,5570090,194,7822
390,117,0,101240,96,5864
391,1012,20,287921,26,1877
392,260,4,3069502,1702,93002
393,277,5,3596239,847,83009
394,4416,19,18783728,124,78659
395,2979,20,11118029,648,32805
396,3026,13,13486716,413,26207
397,660,11,230995,61,2053
398,1093,6,264333,21,1752
399,1200,12,1214280,157,5653
400,1122,5,1066012,214,6346
401,967,14,1315253,133,9547
402,314,6,232851,33,8062
403,491,11,547092,26,20170
404,3124,95,2722035,61,12557
405,317,5,3284638,2089,50297
406,273,2,462845,177,9279
407,237,4,234076,228,2248
408,1478,45,6311599,215,78135
409,719,17,993674,194,14691
410,704,15,2026294,385,48345
411,7137,142,3303653,3,19955
412,657,14,7776296,414,130049
413,2288,47,21649610,566,109262
414,1488,42,4325763,768,27742
415,1714,37,12864519,74,236755
416,984,22,2658483,181,30807
417,371,2,1016948,321,14819
418,343,4,464479,291,8226
419,897,4,3268758,347,16993
420,1911,43,16159436,338,84293
421,498,16,246888,28,6179
422,399,10,217934,39,9345
423,210,5,293350,44,12840
424,12925,366,3489596,51,3321
425,388,13,583932,320,7627
426,1100,23,3289773,169,29050
427,139,3,529162,299,26408
428,373,6,107684,62,1393
429,581,5,2406721,430,29160
430,284,5,167216,34,6386
431,1220,20,468000,25,2520
432,220,4,51494,33,1209
433,6047,80,12483584,50,49228
434,3428,83,967087,77,2525
435,607,10,1126965,310,12023
436,7431,42,14367166,386,14759
437,223,6,73256,18,2488
438,12947,190,14852689,8,52918
439,202,6,364390,71,19166
440,49,2,130403,653,21892
441,1345,18,506292,68,2959
442,228,2,177106,65,4888
443,1640,48,1490987,21,14013
444,1379,32,21740524,377,274026
445,188,2,1501806,336,101602
446,912,12,671202,74,17577
447,8448,87,3010812,17,6423
448,3706,23,40153344,1173,99210
449,7261,132,34667592,306,99327
450,679,10,1268957,173,28205
451,437,13,2833654,841,34500
452,1217,3,1279950,30,11307
453,875,1,6789937,726,46852
454,1447,39,4382796,705,26594
455,280,10,179866,93,3039
456,328,2,310944,57,9455
457,2676,20,637634,14,3141
458,175,5,55216,13,2775
459,4964,68,1707860,77,2779
460,1589,13,1707567,24,19625
461,8568,64,5022082,6,29738
462,919,17,3080013,327,36922
463,1337,38,2019806,62,17673
464,3181,48,5064408,20,58600
465,346,7,121385,29,4517
466,2399,58,11923085,89,67539
467,434,8,969120,97,22582
468,5612,143,2203585,16,5068
469,11954,81,217891335,220,426953
470,4907,125,6057935,46,47994
471,1017,20,1845006,207,12690
472,154,1,435640,502,8690
473,982,11,6453097,391,77242
474,4767,107,15703418,617,27781
475,18246,263,4685206,44,2859
476,739,11,731869,65,8615
477,1505,33,18311357,644,201689
478,1600,22,800421,15,7321
479,630,3,2865296,402,23231
480,797,15,1519370,118,19325
481,572,6,1664295,106,28210
482,970,10,7131693,941,56588
483,704,17,9863047,346,391650
484,771,7,1122966,49,42114
485,247,2,621782,105,21097
486,801,14,5605254,817,43275
487,1095,16,3283943,324,20951
488,861,20,626054,11,11710
489,774,21,934199,42,10577
490,7498,140,30402848,674,63371
491,343,9,164986,9,12588
492,4758,122,19460670,266,73005
493,131,1,249328,163,31065
494,486,8,3589678,207,104811
495,632,15,182610,65,2909
496,1185,17,553980,39,5765
497,7050,85,3574361,46,5779
498,405,8,2039241,209,73551
499,625,12,379576,103,3215
500,1509,23,17291092,2831,72760
501,629,16,423889,49,8152
502,457,3,1602685,182,44304
503,853,12,9993830,107,170792
504,189,5,104483,52,7077
505,785,4,2583140,677,12868
506,431,7,3272518,2171,46284
507,491,2,656706,126,12969
508,578,8,394051,3,13278
509,3411,88,30645038,106,321990
510,536,10,1338014,80,39141
511,738,21,584505,173,10346
512,1398,9,12436493,187,121905
513,160,4,1138174,1535,38452
514,7023,139,60238061,2104,85157
515,7071,215,15522619,306,24618
516,4295,28,3627679,49,13047
517,488,17,874423,428,12407
518,475,12,2990321,75,123257
519,7610,202,56398964,113,241652
520,4005,31,43140063,856,122922
521,647,17,446285,15,16387
522,1857,27,4312304,400,42783
523,1481,46,9903164,128,149884
524,12077,220,136987228,1587,251676
525,1748,36,20388392,2304,140605
526,10771,108,14389405,142,16135
527,308,4,94788,95,1188
528,4260,36,4808731,49,20584
529,709,3,2899473,231,104553
530,539,8,5350971,2622,52621
531,370,3,997799,60,45125
532,1519,48,2262900,344,12585
533,494,11,2333005,234,58985
534,494,5,256047,129,2803
535,2066,24,2120743,93,9369
536,2186,15,970638,93,3394
537,643,8,4404193,1352,44790
538,897,3,319398,19,2358
539,3160,68,4384898,164,24049
540,410,7,149582,23,3082
541,238,1,765627,91,74746
542,1897,30,12564379,589,89103
543,3876,24,33606650,615,92877
544,988,20,7420992,165,112540
545,277,7,3715239,1962,68184
546,4344,128,4044353,14,19596
547,240,6,290589,189,20092
548,499,11,3166732,461,44067
549,743,21,354944,13,12800
550,1068,8,840931,37,6036
551,713,6,1295412,121,15859
552,533,3,1711838,108,46667
553,3069,88,2310748,11,17854
554,2392,58,1895036,50,14801
555,488,7,351753,52,3835
556,446,14,3531042,388,90840
557,960,11,842355,109,24407
558,402,4,4830930,255,137720
559,3528,12,9524745,407,22367
560,524,10,340486,22,7874
561,678,17,7028157,533,129735
562,484,19,264828,24,7648
563,6838,100,23766802,377,58324
564,9528,83,22005488,589,21911
565,2305,28,33037474,698,234886
566,681,9,460856,70,5112
567,2666,63,999802,16,5112
568,2834,39,10248365,189,64505
569,2533,25,14644151,89,143409
570,4192,113,17219382,143,130856
571,439,2,422526,282,3218
572,1137,22,4861123,592,50233
573,1942,50,18205048,270,226882
574,425,9,157378,60,1771
575,1762,12,6048393,333,23507
576,299,4,283248,58,8072
577,487,17,4073122,855,59425
578,18324,326,7646138,3,15230
579,3069,74,2128624,143,6132
580,390,11,577404,128,19102
581,843,17,4962206,298,86116
582,1310,17,3463972,881,24199
583,1711,42,9429034,212,90968
584,113,5,359956,591,21803
585,762,2,375326,64,2635
586,116,3,78998,28,9324
587,194,1,164138,233,2332
588,1176,13,7558810,720,65185
589,2846,100,3711347,12,49784
590,49,3,50128,226,2960
591,3754,40,2606986,17,9111
592,2936,75,1361465,32,6926
593,345,5,137178,8,3937
594,1303,13,5046988,309,34367
595,1092,19,571837,23,10482
596,289,6,935061,626,11201
597,373,4,182590,94,6668
598,143,4,97731,270,2976
599,7063,118,2636049,79,5961
600,1514,38,951165,109,9512
601,491,2,148802,52,1955
602,136,0,117519,104,3856
603,7500,112,3448598,28,13041
604,6750,56,2847208,9,7036
605,409,6,3964503,446,100288
606,1835,54,6590900,870,37045
607,304,8,1088711,193,58615
608,324,8,281552,322,4018
609,266,4,71814,31,1539
610,3360,78,20007379,318,71403
611,498,6,1874311,939,38036
612,454,8,1656596,439,29423
613,163,3,145018,31,9485
614,207,1,220168,272,3720
615,2820,25,21560113,505,82065
616,956,18,344606,38,3913
617,1580,13,1358550,53,15074
618,688,13,385680,26,2415
619,1434,8,5676453,97,58751
620,1874,57,2324954,34,30105
621,411,1,1458675,1003,24374
622,85,2,334478,1012,7939
623,628,4,4129105,405,73205
624,95,3,699697,811,45030
625,711,15,7167992,2965,62642
626,1022,15,13719840,344,205572
627,1227,30,681534,23,7877
628,309,6,1080774,126,35600
629,5136,111,2044056,31,4703
630,1929,44,10895959,92,132233
631,214,5,159261,84,7730
632,5775,52,21649626,290,28343
633,560,10,1486259,76,23999
634,20367,516,19999932,11,37806
635,975,7,476010,20,4986
636,1694,47,1187802,114,7601
637,1628,31,7247400,1141,33324
638,2808,68,2159486,27,12277
639,276,13,2669544,1322,54059
640,3694,38,6988208,529,10611
641,2790,78,30130320,194,250320
642,2986,66,16920394,292,90255
643,589,8,2027952,523,24553
644,1011,7,1348350,61,11809
645,1176,5,1177334,22,10086
646,354,7,130015,9,9276
647,1777,43,4258764,302,15318
648,591,12,258531,122,3412
649,700,3,216234,61,1239
650,547,9,376057,23,5266
651,1674,38,17834681,257,163641
652,3992,104,8262090,200,27181
653,2642,14,16766369,624,113705
654,2522,28,6753060,31,48802
655,6686,157,1398447,41,2075
656,804,18,2007843,78,36151
657,4424,31,57125617,258,309720
658,798,14,231462,72,1755
659,1248,15,671126,75,3017
660,1440,21,407599,18,9448
661,1908,47,10599234,277,70684
662,608,8,3387693,567,90393
663,1712,28,3113628,321,11279
664,3583,79,38137087,1882,88427
665,1921,33,22824228,627,135464
666,1437,33,15502881,742,156473
667,3167,56,4518113,51,16126
668,418,3,2681343,1543,24791
669,1135,23,303429,50,1654
670,928,4,402349,22,6024
671,9952,206,8722053,36,20294
672,359,3,867434,349,15849
673,845,20,484247,89,4184
674,452,14,231917,18,4766
675,815,6,677720,58,7044
676,3596,59,25199496,1350,76542
677,144,1,44127,33,7569
678,6279,173,15154076,82,52039
679,737,23,725366,170,5449
680,1795,24,2930132,137,21881
681,932,21,9033477,195,231556
682,270,9,367454,331,7214
683,2336,36,2096641,154,7608
684,273,7,69991,48,1746
685,583,18,777452,378,7730
686,307,10,743465,98,29044
687,360,2,201549,55,5765
688,5991,168,11634333,148,29053
689,1040,22,8802195,624,166047
690,1391,6,503692,69,4789
691,1395,34,702988,54,6231
692,346,6,2671376,226,72734
693,845,4,516716,16,8095
694,117,0,45997,54,2246
695,1039,34,635235,108,3775
696,1496,42,442443,7,7114
697,607,19,1359782,65,29526
698,2472,48,14991238,1077,58742
699,200,6,197116,128,8847
700,401,9,132771,57,2000
701,921,17,349992,83,2676
702,1205,8,7146946,464,43629
703,922,25,3303169,66,47914
704,4466,24,8350301,157,17877
705,1057,21,8875035,273,174236
706,1906,12,11234357,172,76240
707,244,4,185754,8,8705
708,3334,68,2040785,16,8850
709,1129,25,307769,18,5306
710,569,8,289618,28,5883
711,3297,73,3185801,111,12814
712,2170,22,12918122,446,74809
713,1102,29,874380,86,5920
714,3187,34,5334349,54,36046
715,402,12,434472,75,16378
716,1539,15,15630472,3033,60082
717,777,4,392260,124,3342
718,1499,42,7561424,213,78337
719,5497,124,7171797,179,16920
720,2170,45,636551,13,7543
721,498,5,122065,44,1709
722,2218,25,2948348,77,22113
723,1531,32,480937,38,4230
724,3380,66,38396582,1474,166020
725,1143,4,1213796,280,9013
726,1513,30,19612439,548,253889
727,815,8,1860628,502,24880
728,452,2,5918583,1370,153911
729,2347,50,936979,17,9642
730,908,31,7955105,1080,69087
731,949,10,5857539,186,81887
732,391,3,1018625,682,12807
733,2249,9,13004573,293,75172
734,873,25,2162635,53,42356
735,3991,42,72954206,266,829655
736,258,5,117608,6,18131
737,1123,9,1516351,66,15918
738,738,9,162816,42,1213
739,411,7,299345,64,5349
740,791,12,815995,106,6318
741,1735,16,12136907,744,69161
742,162,4,81800,146,1722
743,389,10,396836,230,6890
744,277,8,4931442,740,271337
745,7394,147,6460612,29,15792
746,557,5,206575,14,6611
747,1448,30,1323463,91,16881
748,3091,81,689698,42,1974
749,1375,19,854054,19,11914
750,1900,24,11910199,76,111662
751,315,8,116989,77,2195
752,396,5,1157080,93,38545
753,405,1,310948,97,2627
754,1369,14,2717634,56,32107
755,786,14,234960,10,2530
756,5116,108,1344429,14,5115
757,293,8,138797,29,5725
758,585,4,472445,57,7749
759,9590,276,8838328,29,25851
760,1086,20,2228155,40,65135
761,203,3,645643,230,14629
762,1074,20,881676,65,17568
763,2749,32,2641167,120,10802
764,2671,80,3763268,430,16369
765,5053,60,1214424,17,2160
766,634,6,1423991,113,17625
767,2081,34,2144110,159,13458
768,107,1,1096028,606,62427
769,194,5,1120936,706,32035
770,415,2,1405853,226,42048
771,1279,23,281479,53,1613
772,483,5,389121,41,8896
773,554,5,928654,240,13441
774,649,23,758111,20,21513
775,193,3,142333,21,10456
776,1971,61,10241428,749,70783
777,592,14,159156,26,1915
778,9714,117,17957207,61,51332
779,352,10,122501,7,3478
780,254,7,183473,21,9205
781,498,3,1451013,469,24703
782,550,1,2718675,1308,19616
783,2678,22,6921581,242,45470
784,28032,173,426708615,398,259841
785,2489,22,12906593,1069,32280
786,12954,287,16499350,176,23854
787,707,7,6590367,831,55026
788,247,1,113790,110,2445
789,1789,36,18093688,125,250689
790,586,8,526376,311,4496
791,705,16,218653,5,3244
792,163,3,626980,356,18797
793,1037,16,2460456,180,57325
794,1323,34,2332633,361,13771
795,304,11,122785,17,9956
796,1757,25,6560850,507,25370
797,1235,27,11850059,1719,54834
798,6228,140,7856758,130,21894
799,2306,29,546717,49,1337
800,994,24,1840442,299,14341
801,75,1,83896,398,2554
802,590,3,2788401,206,48861
803,332,10,282203,196,6199
804,769,9,934255,10,17003
805,323,9,510081,57,17362
806,1128,12,8068648,122,121834
807,4885,127,7002549,27,25722
808,1383,22,17292093,1654,141142
809,1582,35,3719643,140,24805
810,674,8,763030,78,8678
811,1898,42,3383573,39,33826
812,7928,183,4899535,6,31021
813,4884,121,12441262,296,62479
814,1100,18,383424,11,4294
815,2812,30,30356803,205,213947
816,2032,21,602401,5,4589
817,586,10,1089285,438,11274
818,2081,37,3333584,109,26638
819,415,0,410537,241,3100
820,1152,26,1225090,223,11721
821,1721,30,756704,29,9407
822,1368,17,4916087,159,50030
823,779,2,741430,26,12124
824,832,7,281291,9,4164
825,353,0,2447840,1402,27762
826,254,6,56938,40,673
827,283,6,199210,86,12163
828,97,2,25164,30,1158
829,117,1,300251,720,19670
830,187,6,220972,37,8934
831,7539,242,4533433,39,17239
832,297,0,2511518,649,58504
833,959,5,8371103,2664,43002
834,1031,18,1096700,224,8305
835,424,9,379799,11,17837
836,4819,117,56308653,176,973341
837,561,2,5408096,515,96174
838,1704,20,927045,72,4531
839,455,11,224775,126,4034
840,280,15,519507,508,25882
841,461,2,4659726,2272,56564
842,679,17,1343192,53,38605
843,3088,32,14982852,919,25820
844,3545,32,2600222,28,7460
845,166,1,204048,91,5031
846,945,21,4128383,504,71826
847,904,21,413348,101,3287
848,489,1,8464662,546,152728
849,3925,47,3500923,58,10929
850,787,10,3699022,507,45976
851,2256,60,6484212,150,34323
852,3134,14,5890137,27,27046
853,452,5,1067926,253,21961
854,277,9,312643,166,6790
855,815,17,2059556,685,18465
856,692,19,300846,25,9259
857,1473,8,1848612,113,11271
858,1707,18,896850,39,5113
859,7439,119,2518707,41,2687
860,525,9,800448,41,32415
861,3894,104,5487401,38,38773
862,1373,18,793184,9,10984
863,1949,38,1946626,24,20732
864,1181,23,446253,56,4837
865,415,3,3384292,548,41932
866,2552,34,6786819,122,39677
867,137,3,86781,92,3176
868,1838,43,468887,54,2550
869,7169,22,7555190,12,30545
870,801,22,3353119,156,83201
871,2327,35,1135444,39,4896
872,516,9,476319,299,4815
873,1050,8,474943,31,4302
874,1060,8,4970307,267,54249
875,3233,75,44721839,1094,259870
876,362,6,334353,99,6520
877,662,12,1731178,191,39982
878,920,22,3128786,103,67277
879,1205,38,11393318,179,152102
880,739,5,1986979,143,19594
881,412,9,2350174,713,52574
882,1687,5,8163839,206,99978
883,366,8,407915,49,9077
884,4885,139,9237823,59,29172
885,1090,29,6163083,409,44060
886,2427,54,10605764,576,46807
887,140,2,1202511,211,60689
888,3452,74,1353361,4,19974
889,4538,112,5772430,42,25365
890,5030,79,3631109,172,5337
891,977,11,2117993,18,46639
892,591,23,4335288,112,113583
893,805,10,1419266,138,19049
894,1186,25,672133,13,11507
895,774,25,1311001,565,13485
896,2356,13,802942,17,3937
897,1060,13,963831,57,9868
898,3036,32,1470853,42,6071
899,831,5,325453,62,1724
900,1506,21,787034,38,3079
901,85,0,57153,130,2253
902,1390,14,1767558,236,9846
903,1378,10,394486,31,1681
904,1506,37,12789102,352,195521
905,110,4,557420,325,25659
906,903,12,7483428,249,109669
907,676,10,3231456,535,49746
908,13410,259,18408592,30,37808
909,857,10,1290597,176,7924
910,1224,29,547470,14,6459
911,364,7,2255095,856,63386
912,600,6,2016053,51,110114
913,186,10,594387,200,31258
914,3235,26,2309758,28,10704
915,7038,127,13185331,83,56318
916,1691,12,1127824,10,11629
917,2184,10,4320675,55,29186
918,8404,81,1730911,34,3100
919,1012,22,2253757,341,12753
920,402,12,4010452,1404,59341
921,657,9,219336,6,8002
922,340,2,397261,76,7430
923,8891,221,12054577,17,37087
924,185,4,210795,173,4899
925,572,7,1976371,178,24577
926,46,0,334133,2110,20946
927,1416,37,390338,72,1979
928,879,29,10342723,2609,114331
929,700,10,4909747,338,256721
930,248,4,555353,221,17930
931,185,2,532318,177,12979
932,959,40,2102883,320,23051
933,1512,30,579874,32,4213
934,73,0,1854836,541,237267
935,868,21,7081524,1828,70007
936,93,1,521364,1098,27260
937,241,6,388816,92,10818
938,2110,35,30550060,505,217064
939,5731,81,11571405,420,19146
940,1283,36,450881,16,6052
941,617,2,606737,14,8599
942,354,9,914638,560,38966
943,2152,53,9593982,314,58158
944,2789,96,830613,54,3301
945,232,1,4036171,866,114961
946,654,8,439041,37,6261
947,2977,46,984663,61,4680
948,213,1,1101064,396,83490
949,1964,12,1060665,8,12125
950,4405,106,23730037,50,110107
951,183,3,1579271,1303,241395
952,107,2,145994,73,12989
953,2821,68,1429311,51,8457
954,242,0,1266802,99,34522
955,804,6,523042,110,3866
956,6297,124,82135774,436,222986
957,133,3,1225334,520,43765
958,379,6,4418408,1203,108835
959,475,3,5630592,505,87133
960,2327,73,1908490,185,7970
961,433,7,1001822,51,17985
962,266,2,131222,19,3866
963,23924,146,90051621,676,38637
964,1154,11,2228769,81,27616
965,1437,18,7606827,131,85716
966,1542,43,2788768,125,15388
967,12499,389,23201175,443,27963
968,3159,42,10451939,32,60757
969,1690,10,7149747,91,70028
970,5439,121,1798951,21,4675
971,1386,10,369439,26,2294
972,1374,33,489585,12,3614
973,357,4,1707793,371,36160
974,163,7,163111,52,6794
975,1781,12,8526499,128,58352
976,7525,155,1814301,35,2810
977,488,5,159243,8,4976
978,135,2,187006,374,5315
979,1913,19,4291905,53,39920
980,2622,57,23951147,69,286275
981,1097,26,9770529,408,155791
982,1200,18,417093,61,1635
983,2177,15,4228692,44,98354
984,2659,9,666177,14,1996
985,456,8,1945252,108,88857
986,13451,292,48908589,461,44326
987,1032,5,11680241,616,122660
988,265,8,3307903,1214,86281
989,541,8,983772,452,15308
990,2859,71,2078550,25,12384
991,541,17,3812787,314,46180
992,928,23,2897600,960,19876
993,430,9,503570,60,14646
994,2843,68,1467536,3,18323
995,1256,20,732065,29,6018
996,2104,52,886309,15,6040
997,687,13,1152808,171,14511
998,844,15,406052,20,3871
999,98,4,28065,78,2408
1000,850,19,1061942,36,14346
1001,4506,129,11794465,490,35892
1002,3653,103,56233666,493,211652
1003,193,5,819028,802,16395
1004,3991,63,9331050,350,17247
1005,177,4,811755,1694,15240
1006,844,9,5843555,657,34251
1007,1062,1,7103617,140,166226
1008,287,7,98229,12,1678
1009,15823,257,67705706,1070,42156
1010,386,10,427278,66,7315
1011,3039,38,812178,26,3976
1012,6449,46,47464260,156,115597
1013,20482,437,7381177,19,6270
1014,682,18,1405413,565,11333
1015,479,5,1101074,59,53552
1016,1734,46,1622019,99,12010
1017,568,7,562158,67,7378
1018,2086,56,1806279,31,14778
1019,3901,44,1650443,6,24549
1020,222,4,444140,40,10111
1021,1377,6,18201664,888,195092
1022,560,4,1711399,348,28234
1023,2483,29,31365835,402,202883
